,url
0,https://www.navabharat.com/nbwp/?p=123476
1,https://www.navabharat.com/nbwp/?p=123474
2,https://www.navabharat.com/nbwp/?p=123471
3,https://www.navabharat.com/nbwp/?p=123469
4,https://www.navabharat.com/nbwp/?p=123467
5,https://www.navabharat.com/nbwp/?p=123366
6,https://www.navabharat.com/nbwp/?p=123357
7,https://www.navabharat.com/nbwp/?p=123350
8,https://www.navabharat.com/nbwp/?p=123338
9,https://www.navabharat.com/nbwp/?p=123332
10,https://www.navabharat.com/nbwp/?p=123465
11,https://www.navabharat.com/nbwp/?p=123330
12,https://www.navabharat.com/nbwp/?p=123331
13,https://www.navabharat.com/nbwp/?p=123312
14,https://www.navabharat.com/nbwp/?p=123308
15,https://www.navabharat.com/nbwp/?p=123460
16,https://www.navabharat.com/nbwp/?p=123451
17,https://www.navabharat.com/nbwp/?p=123439
18,https://www.navabharat.com/nbwp/?p=123412
19,https://www.navabharat.com/nbwp/?p=123402
20,https://www.navabharat.com/nbwp/?p=123488
21,https://www.navabharat.com/nbwp/?p=123485
22,https://www.navabharat.com/nbwp/?p=123482
23,https://www.navabharat.com/nbwp/?p=123395
24,https://www.navabharat.com/nbwp/?p=123390
25,https://www.navabharat.com/nbwp/?p=123430
26,https://www.navabharat.com/nbwp/?p=123424
27,https://www.navabharat.com/nbwp/?p=123385
28,https://www.navabharat.com/nbwp/?p=123377
29,https://www.navabharat.com/nbwp/?p=123341
30,https://www.navabharat.com/nbwp/?p=123463
31,https://www.navabharat.com/nbwp/?p=123457
32,https://www.navabharat.com/nbwp/?p=123454
33,https://www.navabharat.com/nbwp/?p=123448
34,https://www.navabharat.com/nbwp/?p=123445
35,https://www.navabharat.com/nbwp/?p=123476
36,https://www.navabharat.com/nbwp/?p=123474
37,https://www.navabharat.com/nbwp/?p=123471
38,https://www.navabharat.com/nbwp/?p=123469
39,https://www.navabharat.com/nbwp/?p=123467
40,https://www.navabharat.com/nbwp/?p=123434
41,https://www.navabharat.com/nbwp/?p=123374
42,https://www.navabharat.com/nbwp/?p=123369
43,https://www.navabharat.com/nbwp/?p=123364
44,https://www.navabharat.com/nbwp/?p=123356
45,https://www.navabharat.com/nbwp/?p=123414
46,https://www.navabharat.com/nbwp/?p=123407
47,https://www.navabharat.com/nbwp/?p=123397
48,https://www.navabharat.com/nbwp/?p=123388
49,https://www.navabharat.com/nbwp/?p=123360
50,https://www.navabharat.com/nbwp/?p=123381
51,https://www.navabharat.com/nbwp/?p=123379
52,https://www.navabharat.com/nbwp/?p=123271
53,https://www.navabharat.com/nbwp/?p=123269
54,https://www.navabharat.com/nbwp/?p=123266
55,https://www.navabharat.com/nbwp/?p=123432
56,https://www.navabharat.com/nbwp/?p=123427
57,https://www.navabharat.com/nbwp/?p=123421
58,https://www.navabharat.com/nbwp/?p=123416
59,https://www.navabharat.com/nbwp/?p=123398
60,https://www.navabharat.com/nbwp/?p=123366
61,https://www.navabharat.com/nbwp/?p=123357
62,https://www.navabharat.com/nbwp/?p=123350
63,https://www.navabharat.com/nbwp/?p=123338
64,https://www.navabharat.com/nbwp/?p=123332
65,https://www.navabharat.com/nbwp/?p=123319
66,https://www.navabharat.com/nbwp/?p=123324
67,https://www.navabharat.com/nbwp/?p=123320
68,https://www.navabharat.com/nbwp/?p=123279
69,https://www.navabharat.com/nbwp/?p=123277
70,https://www.navabharat.com/nbwp/?p=123465
71,https://www.navabharat.com/nbwp/?p=123330
72,https://www.navabharat.com/nbwp/?p=123331
73,https://www.navabharat.com/nbwp/?p=123312
74,https://www.navabharat.com/nbwp/?p=123308
75,https://www.navabharat.com/nbwp/?p=123307
76,https://www.navabharat.com/nbwp/?p=123302
77,https://www.navabharat.com/nbwp/?p=123298
78,https://www.navabharat.com/nbwp/?p=123289
79,https://www.navabharat.com/nbwp/?p=123290
80,https://www.navabharat.com/nbwp/?p=123460
81,https://www.navabharat.com/nbwp/?p=123451
82,https://www.navabharat.com/nbwp/?p=123439
83,https://www.navabharat.com/nbwp/?p=123412
84,https://www.navabharat.com/nbwp/?p=123402
85,https://www.navabharat.com/nbwp/?p=123174
86,https://www.navabharat.com/nbwp/?p=123171
87,https://www.navabharat.com/nbwp/?p=123162
88,https://www.navabharat.com/nbwp/?p=123119
89,https://www.navabharat.com/nbwp/?p=123111
90,https://www.navabharat.com/nbwp/?p=123430
91,https://www.navabharat.com/nbwp/?p=123424
92,https://www.navabharat.com/nbwp/?p=123385
93,https://www.navabharat.com/nbwp/?p=123377
94,https://www.navabharat.com/nbwp/?p=123341
95,https://www.navabharat.com/nbwp/?p=123188
96,https://www.navabharat.com/nbwp/?p=123185
97,https://www.navabharat.com/nbwp/?p=123151
98,https://www.navabharat.com/nbwp/?p=123144
99,https://www.navabharat.com/nbwp/?p=123140
100,https://www.navabharat.com/nbwp/?p=123488
101,https://www.navabharat.com/nbwp/?p=123485
102,https://www.navabharat.com/nbwp/?p=123482
103,https://www.navabharat.com/nbwp/?p=123395
104,https://www.navabharat.com/nbwp/?p=123390
105,https://www.navabharat.com/nbwp/?p=123206
106,https://www.navabharat.com/nbwp/?p=123203
107,https://www.navabharat.com/nbwp/?p=123200
108,https://www.navabharat.com/nbwp/?p=123197
109,https://www.navabharat.com/nbwp/?p=123194
110,https://www.navabharat.com/nbwp/?p=123463
111,https://www.navabharat.com/nbwp/?p=123457
112,https://www.navabharat.com/nbwp/?p=123454
113,https://www.navabharat.com/nbwp/?p=123448
114,https://www.navabharat.com/nbwp/?p=123445
115,https://www.navabharat.com/nbwp/?p=123191
116,https://www.navabharat.com/nbwp/?p=123182
117,https://www.navabharat.com/nbwp/?p=123179
118,https://www.navabharat.com/nbwp/?p=123167
119,https://www.navabharat.com/nbwp/?p=123155
120,https://www.navabharat.com/nbwp/?p=123476
121,https://www.navabharat.com/nbwp/?p=123474
122,https://www.navabharat.com/nbwp/?p=123471
123,https://www.navabharat.com/nbwp/?p=123469
124,https://www.navabharat.com/nbwp/?p=123467
125,https://www.navabharat.com/nbwp/?p=123347
126,https://www.navabharat.com/nbwp/?p=123346
127,https://www.navabharat.com/nbwp/?p=123265
128,https://www.navabharat.com/nbwp/?p=123258
129,https://www.navabharat.com/nbwp/?p=123255
130,https://www.navabharat.com/nbwp/?p=123434
131,https://www.navabharat.com/nbwp/?p=123374
132,https://www.navabharat.com/nbwp/?p=123369
133,https://www.navabharat.com/nbwp/?p=123364
134,https://www.navabharat.com/nbwp/?p=123356
135,https://www.navabharat.com/nbwp/?p=123149
136,https://www.navabharat.com/nbwp/?p=123132
137,https://www.navabharat.com/nbwp/?p=123107
138,https://www.navabharat.com/nbwp/?p=123087
139,https://www.navabharat.com/nbwp/?p=123156
140,https://www.navabharat.com/nbwp/?p=123414
141,https://www.navabharat.com/nbwp/?p=123407
142,https://www.navabharat.com/nbwp/?p=123397
143,https://www.navabharat.com/nbwp/?p=123388
144,https://www.navabharat.com/nbwp/?p=123360
145,https://www.navabharat.com/nbwp/?p=123101
146,https://www.navabharat.com/nbwp/?p=123093
147,https://www.navabharat.com/nbwp/?p=123085
148,https://www.navabharat.com/nbwp/?p=123074
149,https://www.navabharat.com/nbwp/?p=123070
150,https://www.navabharat.com/nbwp/?p=123381
151,https://www.navabharat.com/nbwp/?p=123379
152,https://www.navabharat.com/nbwp/?p=123271
153,https://www.navabharat.com/nbwp/?p=123269
154,https://www.navabharat.com/nbwp/?p=123266
155,https://www.navabharat.com/nbwp/?p=123260
156,https://www.navabharat.com/nbwp/?p=123125
157,https://www.navabharat.com/nbwp/?p=123128
158,https://www.navabharat.com/nbwp/?p=123008
159,https://www.navabharat.com/nbwp/?p=123005
160,https://www.navabharat.com/nbwp/?p=123432
161,https://www.navabharat.com/nbwp/?p=123427
162,https://www.navabharat.com/nbwp/?p=123421
163,https://www.navabharat.com/nbwp/?p=123416
164,https://www.navabharat.com/nbwp/?p=123398
165,https://www.navabharat.com/nbwp/?p=123143
166,https://www.navabharat.com/nbwp/?p=123137
167,https://www.navabharat.com/nbwp/?p=123116
168,https://www.navabharat.com/nbwp/?p=123114
169,https://www.navabharat.com/nbwp/?p=123108
